<?xml version="1.0"?>
<extension>
	<id>8F9E67E0-A278-11DB-8AB9-0800200C9A67</id>
        <name>PLUGIN_SCREENSAVER_SUPERDATETIME</name>
        <module>Plugins::SuperDateTime::Plugin</module>
        <version>5.9.19</version>
        <description>SETUP_GROUP_SUPERDATETIME_DESC</description>
        <creator>Greg Brown</creator>
	<defaultState>enabled</defaultState>       
        <homepageURL>http://www.gregbrown.net/</homepageURL>
	<optionsURL>plugins/SuperDateTime/settings/basic.html</optionsURL>        
	<type>2</type><!-- type=extension -->
        <targetApplication>
  	        <id>SlimServer</id>
                <minVersion>7.4</minVersion>
                <maxVersion>7.*</maxVersion>
        </targetApplication>
</extension>
